{"cameraMode":{"drawMode":0,"name":"Shaded","section":"Shading Mode"},"sceneLighting":true,"audioPlay":false,"sceneViewState":{"m_AlwaysRefresh":false,"showFog":true,"showSkybox":true,"showFlares":true,"showImageEffects":true,"showParticleSystems":true,"showVisualEffectGraphs":true,"m_FxEnabled":true},"in2DMode":false,"pivot":{"x":-4.997618198394775,"y":-1.352985143661499,"z":-4.157721996307373},"rotation":{"x":0.005584720056504011,"y":0.9487720131874085,"z":-0.31547632813453677,"w":0.01679598167538643},"size":5.7549357414245609,"orthographic":false}